numero,idCliente,idProducto,cantidad,precio,descuento,total,estado,fecha
1,102,19,35,3.9,0.05,129.67,ENTREGADO,2025-01-01
2,41,43,10,1.0,0.0,10.0,ENTREGADO,2025-01-01
3,64,33,7,0.75,0.15,4.46,ENTREGADO,2025-01-02
4,169,25,39,1.4,0.05,51.87,ENTREGADO,2025-01-02
5,38,61,36,1.1,0.15,33.66,ENTREGADO,2025-01-02
6,104,29,18,1.5,0.15,22.95,CANCELADO,2025-01-03
7,78,3,12,0.45,0.2,4.32,ENTREGADO,2025-01-03
8,112,35,23,0.6,0.0,13.8,ENTREGADO,2025-01-04
9,139,61,29,1.1,0.05,30.3,CONFIRMADO,2025-01-04
10,183,75,7,1.8,0.05,11.97,PENDIENTE,2025-01-04
11,177,66,16,1.0,0.0,16.0,CONFIRMADO,2025-01-05
12,146,35,14,0.6,0.0,8.4,ENTREGADO,2025-01-05
13,53,77,21,4.8,0.05,95.76,PENDIENTE,2025-01-06
14,34,79,3,2.0,0.05,5.7,CONFIRMADO,2025-01-06
15,92,3,14,0.45,0.15,5.35,CONFIRMADO,2025-01-07
16,59,62,2,3.2,0.0,6.4,CONFIRMADO,2025-01-07
17,144,72,14,1.9,0.0,26.6,PENDIENTE,2025-01-08
18,183,64,11,1.5,0.0,16.5,PENDIENTE,2025-01-08
19,143,9,33,1.1,0.0,36.3,PENDIENTE,2025-01-09
20,94,36,4,0.7,0.0,2.8,ENTREGADO,2025-01-10
21,192,53,11,1.0,0.15,9.35,PENDIENTE,2025-01-11
22,154,46,29,0.9,0.0,26.1,CONFIRMADO,2025-01-11
23,138,9,4,1.1,0.1,3.96,CONFIRMADO,2025-01-11
24,152,68,11,2.8,0.0,30.8,ENTREGADO,2025-01-11
25,133,60,22,0.65,0.15,12.16,ENTREGADO,2025-01-11
26,83,3,12,0.45,0.0,5.4,CONFIRMADO,2025-01-12
27,116,13,12,17.5,0.15,178.5,CONFIRMADO,2025-01-12
28,102,11,35,14.0,0.0,490.0,CONFIRMADO,2025-01-12
29,167,62,31,3.2,0.0,99.2,ENTREGADO,2025-01-14
30,112,73,26,2.2,0.1,51.48,ENTREGADO,2025-01-15
31,18,6,8,1.25,0.0,10.0,CANCELADO,2025-01-16
32,1,51,10,2.2,0.1,19.8,PENDIENTE,2025-01-17
33,108,12,24,13.0,0.05,296.4,ENTREGADO,2025-01-18
34,62,42,6,0.9,0.2,4.32,PENDIENTE,2025-01-19
35,143,36,24,0.7,0.0,16.8,ENTREGADO,2025-01-19
36,114,52,35,0.6,0.0,21.0,PENDIENTE,2025-01-19
37,65,38,11,2.1,0.0,23.1,ENTREGADO,2025-01-19
38,32,70,8,2.1,0.0,16.8,CANCELADO,2025-01-20
39,86,20,23,2.7,0.15,52.78,CONFIRMADO,2025-01-20
40,76,46,39,0.9,0.0,35.1,CONFIRMADO,2025-01-20
41,22,31,32,0.9,0.0,28.8,ENTREGADO,2025-01-21
42,136,49,27,1.4,0.1,34.02,CONFIRMADO,2025-01-22
43,173,31,9,0.9,0.1,7.29,ENTREGADO,2025-01-22
44,44,67,34,1.6,0.05,51.68,ENTREGADO,2025-01-22
45,180,15,31,1.35,0.1,37.66,CONFIRMADO,2025-01-23
46,137,37,21,1.8,0.0,37.8,PENDIENTE,2025-01-23
47,135,30,22,3.0,0.0,66.0,ENTREGADO,2025-01-23
48,93,18,36,0.95,0.05,32.49,CONFIRMADO,2025-01-23
49,26,35,22,0.6,0.0,13.2,CONFIRMADO,2025-01-24
50,182,66,25,1.0,0.05,23.75,ENTREGADO,2025-01-24
51,154,72,14,1.9,0.0,26.6,PENDIENTE,2025-01-24
52,21,63,19,1.4,0.0,26.6,ENTREGADO,2025-01-25
53,72,71,21,2.3,0.0,48.3,CANCELADO,2025-01-25
54,50,17,34,3.8,0.0,129.2,CONFIRMADO,2025-01-25
55,43,16,17,3.0,0.05,48.45,PENDIENTE,2025-01-26
56,2,63,34,1.4,0.05,45.22,ENTREGADO,2025-01-27
57,192,55,14,1.2,0.1,15.12,CANCELADO,2025-01-27
58,25,1,24,0.3,0.0,7.2,ENTREGADO,2025-01-27
59,1,80,27,0.25,0.05,6.41,PENDIENTE,2025-01-28
60,116,63,17,1.4,0.15,20.23,ENTREGADO,2025-01-28
61,69,30,7,3.0,0.0,21.0,ENTREGADO,2025-01-28
62,58,43,33,1.0,0.0,33.0,ENTREGADO,2025-01-30
63,189,44,14,1.1,0.0,15.4,CANCELADO,2025-01-30
64,54,53,32,1.0,0.15,27.2,ENTREGADO,2025-01-30
65,181,75,29,1.8,0.05,49.59,PENDIENTE,2025-01-30
66,51,22,26,1.25,0.1,29.25,ENTREGADO,2025-01-30
67,88,8,17,0.75,0.0,12.75,ENTREGADO,2025-01-31
68,48,36,18,0.7,0.0,12.6,ENTREGADO,2025-01-31
69,13,9,38,1.1,0.0,41.8,CONFIRMADO,2025-01-31
70,169,39,17,3.0,0.0,51.0,CONFIRMADO,2025-02-01
71,7,5,32,1.0,0.0,32.0,PENDIENTE,2025-02-02
72,21,14,20,1.2,0.05,22.8,ENTREGADO,2025-02-02
73,80,46,34,0.9,0.0,30.6,ENTREGADO,2025-02-03
74,71,22,31,1.25,0.05,36.81,CONFIRMADO,2025-02-03
75,10,33,10,0.75,0.05,7.12,ENTREGADO,2025-02-03
76,187,21,19,1.2,0.0,22.8,CANCELADO,2025-02-04
77,22,26,20,2.5,0.05,47.5,PENDIENTE,2025-02-04
78,127,19,33,3.9,0.1,115.83,ENTREGADO,2025-02-05
79,86,53,38,1.0,0.0,38.0,ENTREGADO,2025-02-05
80,65,57,9,0.5,0.0,4.5,ENTREGADO,2025-02-05
81,116,56,32,0.9,0.0,28.8,ENTREGADO,2025-02-06
82,143,1,10,0.3,0.0,3.0,CONFIRMADO,2025-02-06
83,21,44,25,1.1,0.05,26.13,ENTREGADO,2025-02-06
84,76,25,30,1.4,0.0,42.0,CANCELADO,2025-02-07
85,82,13,39,17.5,0.0,682.5,PENDIENTE,2025-02-07
86,113,12,34,13.0,0.05,419.9,ENTREGADO,2025-02-08
87,132,53,21,1.0,0.0,21.0,CONFIRMADO,2025-02-08
88,148,35,20,0.6,0.0,12.0,ENTREGADO,2025-02-08
89,102,19,25,3.9,0.2,78.0,CONFIRMADO,2025-02-09
90,176,50,7,1.8,0.0,12.6,ENTREGADO,2025-02-09
91,177,49,33,1.4,0.0,46.2,CONFIRMADO,2025-02-09
92,17,2,13,0.25,0.1,2.93,ENTREGADO,2025-02-10
93,59,26,39,2.5,0.2,78.0,ENTREGADO,2025-02-10
94,142,77,11,4.8,0.0,52.8,ENTREGADO,2025-02-12
95,84,30,8,3.0,0.1,21.6,PENDIENTE,2025-02-12
96,34,56,4,0.9,0.1,3.24,ENTREGADO,2025-02-12
97,34,18,18,0.95,0.0,17.1,ENTREGADO,2025-02-12
98,15,19,11,3.9,0.1,38.61,CONFIRMADO,2025-02-13
99,196,49,13,1.4,0.05,17.29,CANCELADO,2025-02-16
100,22,1,6,0.3,0.0,1.8,CANCELADO,2025-02-17
101,176,44,5,1.1,0.15,4.67,CONFIRMADO,2025-02-17
102,13,23,31,0.7,0.0,21.7,ENTREGADO,2025-02-18
103,14,1,23,0.3,0.0,6.9,CONFIRMADO,2025-02-18
104,70,76,23,4.2,0.0,96.6,ENTREGADO,2025-02-19
105,92,3,10,0.45,0.0,4.5,CONFIRMADO,2025-02-19
106,16,28,20,1.2,0.05,22.8,CANCELADO,2025-02-20
107,115,73,34,2.2,0.05,71.06,ENTREGADO,2025-02-20
108,41,20,26,2.7,0.0,70.2,CONFIRMADO,2025-02-20
109,175,64,21,1.5,0.0,31.5,CONFIRMADO,2025-02-20
110,56,14,14,1.2,0.15,14.28,ENTREGADO,2025-02-22
111,119,28,40,1.2,0.0,48.0,ENTREGADO,2025-02-23
112,66,28,11,1.2,0.0,13.2,ENTREGADO,2025-02-24
113,128,22,36,1.25,0.0,45.0,PENDIENTE,2025-02-25
114,199,72,15,1.9,0.0,28.5,CANCELADO,2025-02-27
115,98,40,39,2.0,0.1,70.2,ENTREGADO,2025-02-28
116,138,33,8,0.75,0.0,6.0,ENTREGADO,2025-03-01
117,177,27,10,1.1,0.0,11.0,CANCELADO,2025-03-01
118,64,10,7,1.2,0.0,8.4,CONFIRMADO,2025-03-01
119,172,49,26,1.4,0.0,36.4,ENTREGADO,2025-03-01
120,67,73,9,2.2,0.0,19.8,CANCELADO,2025-03-02
121,167,34,9,0.5,0.0,4.5,PENDIENTE,2025-03-02
122,39,43,21,1.0,0.0,21.0,ENTREGADO,2025-03-03
123,155,66,26,1.0,0.0,26.0,ENTREGADO,2025-03-03
124,44,63,13,1.4,0.0,18.2,CONFIRMADO,2025-03-03
125,140,51,20,2.2,0.15,37.4,PENDIENTE,2025-03-04
126,197,79,11,2.0,0.0,22.0,PENDIENTE,2025-03-06
127,134,7,13,0.8,0.15,8.84,ENTREGADO,2025-03-06
128,193,54,8,2.5,0.0,20.0,ENTREGADO,2025-03-08
129,12,34,20,0.5,0.0,10.0,ENTREGADO,2025-03-08
130,147,42,14,0.9,0.2,10.08,CANCELADO,2025-03-08
131,116,17,38,3.8,0.15,122.74,CONFIRMADO,2025-03-09
132,167,12,10,13.0,0.0,130.0,CANCELADO,2025-03-10
133,28,63,22,1.4,0.15,26.18,CANCELADO,2025-03-10
134,99,39,17,3.0,0.0,51.0,ENTREGADO,2025-03-10
135,93,54,38,2.5,0.15,80.75,CONFIRMADO,2025-03-10
136,190,55,13,1.2,0.15,13.26,ENTREGADO,2025-03-12
137,190,36,28,0.7,0.0,19.6,CONFIRMADO,2025-03-12
138,176,50,22,1.8,0.0,39.6,PENDIENTE,2025-03-13
139,85,11,25,14.0,0.0,350.0,CONFIRMADO,2025-03-13
140,158,18,16,0.95,0.1,13.68,ENTREGADO,2025-03-13
141,107,64,14,1.5,0.0,21.0,ENTREGADO,2025-03-14
142,181,41,36,0.5,0.0,18.0,CONFIRMADO,2025-03-14
143,150,37,38,1.8,0.0,68.4,CONFIRMADO,2025-03-15
144,137,19,5,3.9,0.0,19.5,CANCELADO,2025-03-15
145,197,65,28,1.1,0.0,30.8,PENDIENTE,2025-03-16
146,98,35,15,0.6,0.0,9.0,CANCELADO,2025-03-16
147,116,21,23,1.2,0.0,27.6,PENDIENTE,2025-03-16
148,84,34,29,0.5,0.0,14.5,CONFIRMADO,2025-03-17
149,46,20,34,2.7,0.0,91.8,CONFIRMADO,2025-03-18
150,77,64,24,1.5,0.0,36.0,CANCELADO,2025-03-18
151,84,11,31,14.0,0.0,434.0,ENTREGADO,2025-03-18
152,10,39,27,3.0,0.0,81.0,CONFIRMADO,2025-03-19
153,141,66,37,1.0,0.2,29.6,ENTREGADO,2025-03-20
154,112,56,35,0.9,0.0,31.5,CONFIRMADO,2025-03-20
155,9,19,35,3.9,0.1,122.85,CONFIRMADO,2025-03-20
156,64,35,18,0.6,0.0,10.8,ENTREGADO,2025-03-20
157,158,9,6,1.1,0.0,6.6,CANCELADO,2025-03-20
158,102,55,7,1.2,0.15,7.14,CONFIRMADO,2025-03-20
159,138,79,36,2.0,0.0,72.0,ENTREGADO,2025-03-21
160,26,58,7,0.7,0.0,4.9,ENTREGADO,2025-03-21
161,133,10,39,1.2,0.0,46.8,ENTREGADO,2025-03-22
162,7,68,19,2.8,0.05,50.54,ENTREGADO,2025-03-22
163,173,15,13,1.35,0.0,17.55,ENTREGADO,2025-03-22
164,192,32,32,1.0,0.0,32.0,CONFIRMADO,2025-03-22
165,29,77,33,4.8,0.15,134.64,CONFIRMADO,2025-03-23
166,198,20,16,2.7,0.05,41.04,ENTREGADO,2025-03-23
167,127,1,13,0.3,0.1,3.51,PENDIENTE,2025-03-23
168,187,36,21,0.7,0.1,13.23,ENTREGADO,2025-03-23
169,154,68,3,2.8,0.0,8.4,ENTREGADO,2025-03-23
170,185,33,25,0.75,0.15,15.94,ENTREGADO,2025-03-24
171,173,69,32,2.0,0.0,64.0,PENDIENTE,2025-03-24
172,148,24,32,2.0,0.0,64.0,PENDIENTE,2025-03-24
173,39,15,13,1.35,0.0,17.55,ENTREGADO,2025-03-26
174,178,17,17,3.8,0.0,64.6,ENTREGADO,2025-03-27
175,173,47,33,1.2,0.05,37.62,CONFIRMADO,2025-03-27
176,139,62,40,3.2,0.0,128.0,ENTREGADO,2025-03-27
177,7,59,30,0.4,0.0,12.0,ENTREGADO,2025-03-28
178,79,66,19,1.0,0.0,19.0,CONFIRMADO,2025-03-28
179,69,44,16,1.1,0.0,17.6,ENTREGADO,2025-03-28
180,111,25,17,1.4,0.15,20.23,CONFIRMADO,2025-03-28
181,148,21,17,1.2,0.2,16.32,ENTREGADO,2025-03-29
182,118,57,17,0.5,0.0,8.5,CONFIRMADO,2025-03-29
183,178,38,26,2.1,0.0,54.6,PENDIENTE,2025-03-29
184,164,24,19,2.0,0.0,38.0,ENTREGADO,2025-03-29
185,68,45,29,0.95,0.0,27.55,CONFIRMADO,2025-03-30
186,40,3,14,0.45,0.0,6.3,ENTREGADO,2025-03-30
187,198,58,12,0.7,0.0,8.4,ENTREGADO,2025-03-30
188,184,44,18,1.1,0.15,16.83,CONFIRMADO,2025-03-30
189,29,52,5,0.6,0.0,3.0,CONFIRMADO,2025-03-31
190,102,3,25,0.45,0.0,11.25,ENTREGADO,2025-04-01
191,70,15,36,1.35,0.0,48.6,ENTREGADO,2025-04-02
192,87,40,15,2.0,0.0,30.0,CONFIRMADO,2025-04-02
193,59,47,35,1.2,0.0,42.0,PENDIENTE,2025-04-02
194,175,71,28,2.3,0.0,64.4,ENTREGADO,2025-04-02
195,43,3,11,0.45,0.0,4.95,PENDIENTE,2025-04-02
196,127,33,4,0.75,0.0,3.0,CANCELADO,2025-04-03
197,183,32,5,1.0,0.0,5.0,CONFIRMADO,2025-04-03
198,33,59,24,0.4,0.0,9.6,ENTREGADO,2025-04-03
199,113,71,38,2.3,0.0,87.4,CONFIRMADO,2025-04-04
200,190,31,14,0.9,0.0,12.6,ENTREGADO,2025-04-04
201,163,17,38,3.8,0.0,144.4,ENTREGADO,2025-04-05
202,53,75,27,1.8,0.0,48.6,ENTREGADO,2025-04-05
203,160,14,15,1.2,0.05,17.1,PENDIENTE,2025-04-05
204,107,2,17,0.25,0.0,4.25,ENTREGADO,2025-04-05
205,127,72,40,1.9,0.0,76.0,CONFIRMADO,2025-04-06
206,114,29,27,1.5,0.0,40.5,CANCELADO,2025-04-07
207,195,50,40,1.8,0.1,64.8,ENTREGADO,2025-04-07
208,137,64,28,1.5,0.0,42.0,CONFIRMADO,2025-04-08
209,95,11,4,14.0,0.0,56.0,CANCELADO,2025-04-09
210,154,26,15,2.5,0.05,35.62,ENTREGADO,2025-04-09
211,61,9,30,1.1,0.0,33.0,CONFIRMADO,2025-04-12
212,11,48,18,1.6,0.0,28.8,ENTREGADO,2025-04-12
213,33,4,26,0.85,0.0,22.1,ENTREGADO,2025-04-13
214,132,33,13,0.75,0.2,7.8,PENDIENTE,2025-04-13
215,103,45,10,0.95,0.2,7.6,CANCELADO,2025-04-14
216,191,68,25,2.8,0.0,70.0,ENTREGADO,2025-04-14
217,65,13,22,17.5,0.0,385.0,ENTREGADO,2025-04-15
218,132,47,19,1.2,0.0,22.8,CANCELADO,2025-04-15
219,63,20,21,2.7,0.1,51.03,ENTREGADO,2025-04-16
220,40,23,32,0.7,0.05,21.28,ENTREGADO,2025-04-17
221,103,35,30,0.6,0.0,18.0,CANCELADO,2025-04-17
222,195,40,8,2.0,0.0,16.0,CONFIRMADO,2025-04-18
223,106,20,15,2.7,0.1,36.45,ENTREGADO,2025-04-18
224,11,78,29,2.3,0.0,66.7,PENDIENTE,2025-04-18
225,60,79,23,2.0,0.05,43.7,CONFIRMADO,2025-04-19
226,43,54,7,2.5,0.05,16.62,ENTREGADO,2025-04-19
227,26,40,37,2.0,0.2,59.2,ENTREGADO,2025-04-22
228,141,9,7,1.1,0.0,7.7,CONFIRMADO,2025-04-22
229,39,20,10,2.7,0.0,27.0,CONFIRMADO,2025-04-22
230,7,78,5,2.3,0.05,10.92,CANCELADO,2025-04-23
231,110,49,33,1.4,0.0,46.2,ENTREGADO,2025-04-23
232,28,48,35,1.6,0.0,56.0,ENTREGADO,2025-04-23
233,45,27,4,1.1,0.05,4.18,PENDIENTE,2025-04-24
234,15,67,23,1.6,0.0,36.8,ENTREGADO,2025-04-24
235,125,49,8,1.4,0.0,11.2,ENTREGADO,2025-04-25
236,155,52,14,0.6,0.2,6.72,ENTREGADO,2025-04-25
237,15,28,2,1.2,0.05,2.28,PENDIENTE,2025-04-26
238,39,7,27,0.8,0.0,21.6,CANCELADO,2025-04-27
239,169,6,15,1.25,0.0,18.75,ENTREGADO,2025-04-28
240,183,79,13,2.0,0.0,26.0,ENTREGADO,2025-04-28
241,154,48,9,1.6,0.1,12.96,PENDIENTE,2025-04-29
242,128,40,11,2.0,0.0,22.0,CONFIRMADO,2025-04-30
243,161,45,32,0.95,0.05,28.88,CONFIRMADO,2025-04-30
244,15,49,14,1.4,0.0,19.6,ENTREGADO,2025-05-01
245,80,13,38,17.5,0.0,665.0,ENTREGADO,2025-05-02
246,147,34,7,0.5,0.1,3.15,CONFIRMADO,2025-05-02
247,27,61,22,1.1,0.0,24.2,ENTREGADO,2025-05-02
248,105,56,25,0.9,0.0,22.5,CONFIRMADO,2025-05-04
249,10,32,7,1.0,0.0,7.0,PENDIENTE,2025-05-04
250,29,18,17,0.95,0.1,14.53,ENTREGADO,2025-05-04
251,18,17,2,3.8,0.15,6.46,ENTREGADO,2025-05-04
252,193,52,30,0.6,0.0,18.0,PENDIENTE,2025-05-05
253,182,61,5,1.1,0.0,5.5,ENTREGADO,2025-05-05
254,62,69,20,2.0,0.0,40.0,CONFIRMADO,2025-05-06
255,7,64,13,1.5,0.0,19.5,CONFIRMADO,2025-05-07
256,189,47,30,1.2,0.0,36.0,ENTREGADO,2025-05-07
257,9,13,25,17.5,0.1,393.75,ENTREGADO,2025-05-08
258,106,79,14,2.0,0.0,28.0,PENDIENTE,2025-05-08
259,199,72,11,1.9,0.2,16.72,ENTREGADO,2025-05-09
260,183,15,39,1.35,0.0,52.65,ENTREGADO,2025-05-10
261,41,61,23,1.1,0.1,22.77,ENTREGADO,2025-05-10
262,78,43,35,1.0,0.0,35.0,CONFIRMADO,2025-05-11
263,124,60,13,0.65,0.05,8.03,ENTREGADO,2025-05-12
264,147,49,17,1.4,0.0,23.8,ENTREGADO,2025-05-12
265,63,76,16,4.2,0.0,67.2,ENTREGADO,2025-05-12
266,87,4,38,0.85,0.1,29.07,CONFIRMADO,2025-05-13
267,39,11,27,14.0,0.0,378.0,CONFIRMADO,2025-05-15
268,134,57,2,0.5,0.0,1.0,CONFIRMADO,2025-05-16
269,73,67,35,1.6,0.15,47.6,ENTREGADO,2025-05-18
270,70,45,14,0.95,0.15,11.3,ENTREGADO,2025-05-19
271,182,76,23,4.2,0.0,96.6,ENTREGADO,2025-05-19
272,29,20,26,2.7,0.15,59.67,CANCELADO,2025-05-20
273,45,48,22,1.6,0.0,35.2,CONFIRMADO,2025-05-22
274,187,26,5,2.5,0.05,11.88,ENTREGADO,2025-05-23
275,116,59,11,0.4,0.0,4.4,CONFIRMADO,2025-05-24
276,43,9,3,1.1,0.0,3.3,ENTREGADO,2025-05-24
277,53,62,31,3.2,0.05,94.24,CANCELADO,2025-05-24
278,103,23,9,0.7,0.0,6.3,CONFIRMADO,2025-05-24
279,23,75,26,1.8,0.0,46.8,ENTREGADO,2025-05-24
280,163,18,29,0.95,0.0,27.55,ENTREGADO,2025-05-24
281,193,39,32,3.0,0.0,96.0,ENTREGADO,2025-05-25
282,22,54,18,2.5,0.1,40.5,ENTREGADO,2025-05-26
283,11,34,27,0.5,0.0,13.5,CONFIRMADO,2025-05-28
284,108,62,2,3.2,0.0,6.4,ENTREGADO,2025-05-28
285,156,26,28,2.5,0.0,70.0,ENTREGADO,2025-05-29
286,20,38,11,2.1,0.05,21.95,CONFIRMADO,2025-05-29
287,22,34,16,0.5,0.0,8.0,CONFIRMADO,2025-05-29
288,81,6,12,1.25,0.05,14.25,CONFIRMADO,2025-05-29
289,11,27,6,1.1,0.0,6.6,ENTREGADO,2025-05-30
290,148,7,23,0.8,0.0,18.4,CONFIRMADO,2025-05-31
291,38,8,20,0.75,0.1,13.5,PENDIENTE,2025-06-01
292,144,10,38,1.2,0.0,45.6,CONFIRMADO,2025-06-01
293,99,23,11,0.7,0.0,7.7,ENTREGADO,2025-06-01
294,160,30,40,3.0,0.0,120.0,CONFIRMADO,2025-06-03
295,172,12,21,13.0,0.2,218.4,PENDIENTE,2025-06-03
296,84,24,17,2.0,0.0,34.0,ENTREGADO,2025-06-03
297,72,55,24,1.2,0.05,27.36,ENTREGADO,2025-06-04
298,88,3,35,0.45,0.15,13.39,PENDIENTE,2025-06-05
299,113,12,20,13.0,0.0,260.0,PENDIENTE,2025-06-06
300,100,51,14,2.2,0.0,30.8,ENTREGADO,2025-06-07
301,117,5,5,1.0,0.2,4.0,PENDIENTE,2025-06-09
302,74,20,2,2.7,0.0,5.4,ENTREGADO,2025-06-09
303,172,40,32,2.0,0.05,60.8,ENTREGADO,2025-06-10
304,157,76,21,4.2,0.05,83.79,CONFIRMADO,2025-06-11
305,140,12,40,13.0,0.0,520.0,ENTREGADO,2025-06-11
306,88,19,15,3.9,0.0,58.5,ENTREGADO,2025-06-11
307,92,76,37,4.2,0.0,155.4,CANCELADO,2025-06-12
308,20,59,2,0.4,0.2,0.64,ENTREGADO,2025-06-13
309,199,14,17,1.2,0.0,20.4,PENDIENTE,2025-06-13
310,75,50,26,1.8,0.05,44.46,CANCELADO,2025-06-14
311,18,76,21,4.2,0.1,79.38,ENTREGADO,2025-06-15
312,91,28,13,1.2,0.15,13.26,CONFIRMADO,2025-06-16
313,37,23,40,0.7,0.2,22.4,ENTREGADO,2025-06-18
314,157,31,20,0.9,0.0,18.0,CANCELADO,2025-06-20
315,104,37,9,1.8,0.1,14.58,PENDIENTE,2025-06-20
316,24,56,28,0.9,0.0,25.2,CONFIRMADO,2025-06-20
317,42,63,28,1.4,0.0,39.2,CONFIRMADO,2025-06-21
318,186,48,1,1.6,0.1,1.44,CONFIRMADO,2025-06-21
319,189,16,34,3.0,0.0,102.0,ENTREGADO,2025-06-21
320,117,65,32,1.1,0.0,35.2,CONFIRMADO,2025-06-22
321,127,57,4,0.5,0.0,2.0,CONFIRMADO,2025-06-22
322,146,72,28,1.9,0.05,50.54,ENTREGADO,2025-06-22
323,18,47,16,1.2,0.2,15.36,ENTREGADO,2025-06-22
324,177,52,35,0.6,0.0,21.0,PENDIENTE,2025-06-23
325,15,54,11,2.5,0.0,27.5,ENTREGADO,2025-06-23
326,66,77,34,4.8,0.1,146.88,ENTREGADO,2025-06-23
327,174,36,24,0.7,0.0,16.8,CONFIRMADO,2025-06-23
328,67,77,4,4.8,0.0,19.2,ENTREGADO,2025-06-23
329,52,41,13,0.5,0.0,6.5,ENTREGADO,2025-06-24
330,108,9,9,1.1,0.05,9.4,PENDIENTE,2025-06-24
331,37,60,5,0.65,0.15,2.76,ENTREGADO,2025-06-25
332,100,68,34,2.8,0.0,95.2,CANCELADO,2025-06-25
333,40,80,1,0.25,0.0,0.25,ENTREGADO,2025-06-25
334,99,41,26,0.5,0.0,13.0,PENDIENTE,2025-06-26
335,16,31,34,0.9,0.05,29.07,PENDIENTE,2025-06-26
336,66,49,40,1.4,0.1,50.4,CONFIRMADO,2025-06-27
337,96,6,20,1.25,0.05,23.75,CANCELADO,2025-06-28
338,134,66,33,1.0,0.0,33.0,CONFIRMADO,2025-06-28
339,151,73,15,2.2,0.0,33.0,ENTREGADO,2025-06-29
340,164,52,14,0.6,0.05,7.98,ENTREGADO,2025-06-29
341,114,40,39,2.0,0.2,62.4,PENDIENTE,2025-06-30
342,115,44,34,1.1,0.0,37.4,PENDIENTE,2025-06-30
343,30,17,35,3.8,0.0,133.0,PENDIENTE,2025-06-30
344,78,24,33,2.0,0.0,66.0,ENTREGADO,2025-06-30
345,44,78,15,2.3,0.15,29.32,CONFIRMADO,2025-06-30
346,160,45,35,0.95,0.0,33.25,PENDIENTE,2025-07-01
347,41,38,29,2.1,0.0,60.9,ENTREGADO,2025-07-02
348,17,63,33,1.4,0.0,46.2,PENDIENTE,2025-07-04
349,129,32,22,1.0,0.0,22.0,CONFIRMADO,2025-07-05
350,131,54,22,2.5,0.0,55.0,CONFIRMADO,2025-07-06
351,13,50,2,1.8,0.0,3.6,ENTREGADO,2025-07-06
352,183,61,25,1.1,0.1,24.75,ENTREGADO,2025-07-07
353,3,52,14,0.6,0.0,8.4,ENTREGADO,2025-07-07
354,41,38,37,2.1,0.1,69.93,CONFIRMADO,2025-07-07
355,140,72,21,1.9,0.0,39.9,ENTREGADO,2025-07-07
356,165,30,36,3.0,0.0,108.0,CONFIRMADO,2025-07-08
357,4,52,19,0.6,0.0,11.4,ENTREGADO,2025-07-08
358,26,2,31,0.25,0.05,7.36,ENTREGADO,2025-07-08
359,188,1,9,0.3,0.0,2.7,CANCELADO,2025-07-09
360,123,10,15,1.2,0.15,15.3,ENTREGADO,2025-07-09
361,188,22,4,1.25,0.0,5.0,CONFIRMADO,2025-07-10
362,187,55,9,1.2,0.0,10.8,PENDIENTE,2025-07-10
363,46,61,10,1.1,0.1,9.9,CONFIRMADO,2025-07-10
364,127,75,35,1.8,0.05,59.85,CONFIRMADO,2025-07-10
365,109,9,10,1.1,0.0,11.0,CONFIRMADO,2025-07-10
366,26,61,9,1.1,0.0,9.9,PENDIENTE,2025-07-11
367,20,50,20,1.8,0.0,36.0,ENTREGADO,2025-07-12
368,8,19,23,3.9,0.05,85.22,CONFIRMADO,2025-07-13
369,94,37,7,1.8,0.0,12.6,ENTREGADO,2025-07-14
370,58,7,4,0.8,0.05,3.04,ENTREGADO,2025-07-15
371,75,11,8,14.0,0.1,100.8,ENTREGADO,2025-07-17
372,45,67,7,1.6,0.0,11.2,CONFIRMADO,2025-07-19
373,22,32,25,1.0,0.0,25.0,CANCELADO,2025-07-19
374,120,69,21,2.0,0.05,39.9,ENTREGADO,2025-07-20
375,190,20,40,2.7,0.05,102.6,ENTREGADO,2025-07-22
376,185,28,24,1.2,0.0,28.8,ENTREGADO,2025-07-23
377,90,52,19,0.6,0.0,11.4,ENTREGADO,2025-07-23
378,21,39,21,3.0,0.0,63.0,CANCELADO,2025-07-23
379,17,44,21,1.1,0.2,18.48,PENDIENTE,2025-07-23
380,94,54,17,2.5,0.0,42.5,ENTREGADO,2025-07-24
381,163,76,5,4.2,0.0,21.0,ENTREGADO,2025-07-24
382,111,58,17,0.7,0.0,11.9,CANCELADO,2025-07-25
383,129,55,22,1.2,0.0,26.4,ENTREGADO,2025-07-25
384,18,51,16,2.2,0.05,33.44,ENTREGADO,2025-07-27
385,41,40,6,2.0,0.0,12.0,ENTREGADO,2025-07-28
386,82,40,18,2.0,0.0,36.0,PENDIENTE,2025-07-28
387,118,75,34,1.8,0.0,61.2,ENTREGADO,2025-07-28
388,75,2,23,0.25,0.1,5.17,ENTREGADO,2025-07-28
389,177,48,35,1.6,0.15,47.6,ENTREGADO,2025-07-28
390,143,38,24,2.1,0.0,50.4,ENTREGADO,2025-07-29
391,183,4,36,0.85,0.0,30.6,CONFIRMADO,2025-07-29
392,136,27,34,1.1,0.1,33.66,ENTREGADO,2025-07-30
393,97,33,23,0.75,0.05,16.39,ENTREGADO,2025-07-30
394,126,21,20,1.2,0.0,24.0,PENDIENTE,2025-07-30
395,72,66,31,1.0,0.15,26.35,CANCELADO,2025-07-30
396,152,70,22,2.1,0.05,43.89,PENDIENTE,2025-07-30
397,117,8,16,0.75,0.0,12.0,CONFIRMADO,2025-07-31
398,152,64,8,1.5,0.1,10.8,CONFIRMADO,2025-07-31
399,58,4,28,0.85,0.0,23.8,ENTREGADO,2025-08-01
400,82,76,22,4.2,0.05,87.78,PENDIENTE,2025-08-02
401,80,18,22,0.95,0.0,20.9,ENTREGADO,2025-08-02
402,107,64,22,1.5,0.1,29.7,ENTREGADO,2025-08-02
403,168,53,20,1.0,0.0,20.0,ENTREGADO,2025-08-03
404,170,15,11,1.35,0.1,13.37,ENTREGADO,2025-08-04
405,45,77,34,4.8,0.1,146.88,ENTREGADO,2025-08-04
406,93,37,6,1.8,0.1,9.72,ENTREGADO,2025-08-04
407,31,10,3,1.2,0.05,3.42,CANCELADO,2025-08-04
408,54,48,13,1.6,0.0,20.8,CONFIRMADO,2025-08-05
409,173,54,27,2.5,0.0,67.5,ENTREGADO,2025-08-07
410,84,46,29,0.9,0.0,26.1,ENTREGADO,2025-08-07
411,149,61,19,1.1,0.05,19.86,PENDIENTE,2025-08-07
412,61,73,12,2.2,0.0,26.4,ENTREGADO,2025-08-07
413,46,26,33,2.5,0.0,82.5,PENDIENTE,2025-08-08
414,163,46,33,0.9,0.0,29.7,ENTREGADO,2025-08-08
415,182,74,2,1.5,0.0,3.0,ENTREGADO,2025-08-08
416,174,73,26,2.2,0.0,57.2,CONFIRMADO,2025-08-08
417,124,15,21,1.35,0.0,28.35,ENTREGADO,2025-08-08
418,54,1,27,0.3,0.0,8.1,CANCELADO,2025-08-09
419,166,60,40,0.65,0.2,20.8,ENTREGADO,2025-08-10
420,76,73,30,2.2,0.1,59.4,CANCELADO,2025-08-10
421,167,3,22,0.45,0.0,9.9,ENTREGADO,2025-08-11
422,157,51,6,2.2,0.1,11.88,ENTREGADO,2025-08-11
423,2,79,36,2.0,0.15,61.2,ENTREGADO,2025-08-12
424,168,4,24,0.85,0.1,18.36,ENTREGADO,2025-08-13
425,116,80,24,0.25,0.05,5.7,ENTREGADO,2025-08-13
426,166,33,12,0.75,0.05,8.55,CANCELADO,2025-08-13
427,119,35,39,0.6,0.0,23.4,PENDIENTE,2025-08-14
428,155,73,3,2.2,0.05,6.27,ENTREGADO,2025-08-14
429,120,30,19,3.0,0.0,57.0,PENDIENTE,2025-08-16
430,65,38,30,2.1,0.05,59.85,CONFIRMADO,2025-08-16
431,166,66,8,1.0,0.1,7.2,ENTREGADO,2025-08-17
432,140,61,7,1.1,0.0,7.7,ENTREGADO,2025-08-19
433,183,57,17,0.5,0.0,8.5,PENDIENTE,2025-08-21
434,104,1,31,0.3,0.0,9.3,CONFIRMADO,2025-08-21
435,53,67,8,1.6,0.0,12.8,ENTREGADO,2025-08-22
436,155,68,1,2.8,0.0,2.8,ENTREGADO,2025-08-22
437,198,61,27,1.1,0.2,23.76,CONFIRMADO,2025-08-22
438,46,23,13,0.7,0.0,9.1,ENTREGADO,2025-08-24
439,87,56,32,0.9,0.05,27.36,ENTREGADO,2025-08-25
440,57,54,18,2.5,0.0,45.0,CANCELADO,2025-08-25
441,74,33,20,0.75,0.15,12.75,ENTREGADO,2025-08-25
442,161,23,18,0.7,0.0,12.6,CONFIRMADO,2025-08-25
443,178,29,27,1.5,0.0,40.5,PENDIENTE,2025-08-26
444,66,68,29,2.8,0.1,73.08,CONFIRMADO,2025-08-26
445,143,48,13,1.6,0.0,20.8,ENTREGADO,2025-08-26
446,190,78,8,2.3,0.0,18.4,ENTREGADO,2025-08-28
447,12,3,1,0.45,0.05,0.43,ENTREGADO,2025-08-28
448,111,77,12,4.8,0.2,46.08,ENTREGADO,2025-08-29
449,42,24,13,2.0,0.05,24.7,ENTREGADO,2025-08-29
450,108,41,7,0.5,0.0,3.5,ENTREGADO,2025-08-30
451,59,45,10,0.95,0.0,9.5,PENDIENTE,2025-08-30
452,66,45,22,0.95,0.2,16.72,CONFIRMADO,2025-08-30
453,23,64,33,1.5,0.15,42.07,ENTREGADO,2025-08-31
454,188,25,11,1.4,0.0,15.4,PENDIENTE,2025-08-31
455,92,49,38,1.4,0.05,50.54,PENDIENTE,2025-09-01
456,159,63,1,1.4,0.0,1.4,CONFIRMADO,2025-09-01
457,139,41,31,0.5,0.0,15.5,ENTREGADO,2025-09-02
458,9,43,35,1.0,0.2,28.0,CONFIRMADO,2025-09-02
459,17,63,39,1.4,0.1,49.14,ENTREGADO,2025-09-02
460,106,54,16,2.5,0.0,40.0,PENDIENTE,2025-09-02
461,194,48,19,1.6,0.15,25.84,CANCELADO,2025-09-03
462,70,32,37,1.0,0.2,29.6,CONFIRMADO,2025-09-03
463,8,69,9,2.0,0.0,18.0,CONFIRMADO,2025-09-04
464,137,33,34,0.75,0.05,24.22,ENTREGADO,2025-09-05
465,180,6,11,1.25,0.0,13.75,CONFIRMADO,2025-09-05
466,109,41,7,0.5,0.1,3.15,ENTREGADO,2025-09-07
467,44,16,10,3.0,0.0,30.0,ENTREGADO,2025-09-08
468,37,41,18,0.5,0.1,8.1,ENTREGADO,2025-09-08
469,190,1,31,0.3,0.0,9.3,CONFIRMADO,2025-09-08
470,173,53,19,1.0,0.0,19.0,CONFIRMADO,2025-09-09
471,41,60,11,0.65,0.1,6.44,PENDIENTE,2025-09-09
472,134,74,9,1.5,0.0,13.5,CONFIRMADO,2025-09-10
473,189,54,10,2.5,0.2,20.0,ENTREGADO,2025-09-10
474,193,33,7,0.75,0.05,4.99,ENTREGADO,2025-09-10
475,183,65,30,1.1,0.1,29.7,ENTREGADO,2025-09-10
476,120,55,2,1.2,0.0,2.4,CONFIRMADO,2025-09-11
477,87,19,12,3.9,0.0,46.8,CONFIRMADO,2025-09-11
478,151,7,5,0.8,0.0,4.0,ENTREGADO,2025-09-11
479,108,45,33,0.95,0.0,31.35,ENTREGADO,2025-09-11
480,46,52,26,0.6,0.05,14.82,CONFIRMADO,2025-09-12
481,199,48,28,1.6,0.15,38.08,ENTREGADO,2025-09-12
482,9,19,1,3.9,0.0,3.9,PENDIENTE,2025-09-12
483,189,13,6,17.5,0.0,105.0,ENTREGADO,2025-09-13
484,67,3,6,0.45,0.05,2.56,ENTREGADO,2025-09-14
485,182,14,15,1.2,0.1,16.2,ENTREGADO,2025-09-15
486,49,25,7,1.4,0.05,9.31,ENTREGADO,2025-09-17
487,40,70,10,2.1,0.2,16.8,CANCELADO,2025-09-17
488,25,19,28,3.9,0.2,87.36,PENDIENTE,2025-09-17
489,3,75,3,1.8,0.0,5.4,ENTREGADO,2025-09-19
490,22,74,30,1.5,0.0,45.0,PENDIENTE,2025-09-19
491,37,37,35,1.8,0.0,63.0,CONFIRMADO,2025-09-20
492,43,29,23,1.5,0.1,31.05,ENTREGADO,2025-09-20
493,17,59,34,0.4,0.0,13.6,ENTREGADO,2025-09-20
494,45,73,19,2.2,0.1,37.62,CANCELADO,2025-09-21
495,59,38,14,2.1,0.0,29.4,ENTREGADO,2025-09-22
496,93,57,40,0.5,0.0,20.0,ENTREGADO,2025-09-22
497,137,74,30,1.5,0.1,40.5,ENTREGADO,2025-09-24
498,24,17,38,3.8,0.0,144.4,CONFIRMADO,2025-09-25
499,141,34,36,0.5,0.0,18.0,ENTREGADO,2025-09-26
500,10,24,25,2.0,0.0,50.0,CANCELADO,2025-09-26
501,46,30,5,3.0,0.0,15.0,ENTREGADO,2025-09-27
502,193,56,11,0.9,0.1,8.91,CANCELADO,2025-09-28
503,141,47,40,1.2,0.0,48.0,ENTREGADO,2025-10-01
504,162,48,19,1.6,0.15,25.84,CANCELADO,2025-10-02
505,73,9,30,1.1,0.0,33.0,ENTREGADO,2025-10-03
506,170,4,5,0.85,0.0,4.25,CANCELADO,2025-10-04
507,60,53,19,1.0,0.05,18.05,CANCELADO,2025-10-04
508,185,79,28,2.0,0.2,44.8,ENTREGADO,2025-10-04
509,94,42,27,0.9,0.0,24.3,CANCELADO,2025-10-05
510,47,69,3,2.0,0.0,6.0,ENTREGADO,2025-10-05
511,138,11,9,14.0,0.1,113.4,ENTREGADO,2025-10-06
512,123,43,3,1.0,0.0,3.0,ENTREGADO,2025-10-06
513,154,62,27,3.2,0.0,86.4,CANCELADO,2025-10-07
514,39,41,21,0.5,0.15,8.92,ENTREGADO,2025-10-07
515,189,34,4,0.5,0.0,2.0,CONFIRMADO,2025-10-08
516,88,33,40,0.75,0.2,24.0,CONFIRMADO,2025-10-09
517,117,73,17,2.2,0.0,37.4,ENTREGADO,2025-10-09
518,97,31,27,0.9,0.05,23.09,CONFIRMADO,2025-10-10
519,143,27,22,1.1,0.0,24.2,ENTREGADO,2025-10-10
520,114,51,38,2.2,0.0,83.6,ENTREGADO,2025-10-11
521,86,7,20,0.8,0.15,13.6,PENDIENTE,2025-10-11
522,27,23,6,0.7,0.15,3.57,CANCELADO,2025-10-12
523,86,17,4,3.8,0.1,13.68,ENTREGADO,2025-10-13
524,125,71,34,2.3,0.0,78.2,CONFIRMADO,2025-10-13
525,87,19,32,3.9,0.05,118.56,CANCELADO,2025-10-13
526,141,5,19,1.0,0.05,18.05,CONFIRMADO,2025-10-13
527,5,25,31,1.4,0.0,43.4,PENDIENTE,2025-10-14
528,158,25,3,1.4,0.15,3.57,PENDIENTE,2025-10-14
529,10,65,32,1.1,0.0,35.2,ENTREGADO,2025-10-15
530,51,7,35,0.8,0.15,23.8,CONFIRMADO,2025-10-15
531,2,67,9,1.6,0.0,14.4,ENTREGADO,2025-10-15
532,155,5,26,1.0,0.0,26.0,CONFIRMADO,2025-10-15
533,91,54,3,2.5,0.15,6.38,PENDIENTE,2025-10-15
534,76,42,33,0.9,0.05,28.21,CONFIRMADO,2025-10-16
535,98,31,9,0.9,0.05,7.69,PENDIENTE,2025-10-17
536,149,27,6,1.1,0.1,5.94,ENTREGADO,2025-10-18
537,130,68,10,2.8,0.0,28.0,ENTREGADO,2025-10-18
538,60,15,31,1.35,0.1,37.66,CONFIRMADO,2025-10-19
539,73,40,27,2.0,0.0,54.0,ENTREGADO,2025-10-20
540,149,73,22,2.2,0.1,43.56,ENTREGADO,2025-10-20
541,93,61,4,1.1,0.0,4.4,ENTREGADO,2025-10-20
542,7,40,10,2.0,0.0,20.0,CONFIRMADO,2025-10-21
543,34,17,11,3.8,0.0,41.8,ENTREGADO,2025-10-21
544,23,64,19,1.5,0.0,28.5,CONFIRMADO,2025-10-21
545,3,57,24,0.5,0.0,12.0,ENTREGADO,2025-10-22
546,84,64,19,1.5,0.0,28.5,ENTREGADO,2025-10-22
547,71,49,31,1.4,0.05,41.23,ENTREGADO,2025-10-23
548,56,43,27,1.0,0.0,27.0,ENTREGADO,2025-10-23
549,73,42,29,0.9,0.0,26.1,ENTREGADO,2025-10-23
550,167,69,26,2.0,0.0,52.0,ENTREGADO,2025-10-24
551,87,7,19,0.8,0.05,14.44,ENTREGADO,2025-10-24
552,23,59,32,0.4,0.0,12.8,ENTREGADO,2025-10-24
553,17,9,2,1.1,0.0,2.2,CONFIRMADO,2025-10-25
554,156,77,27,4.8,0.0,129.6,CONFIRMADO,2025-10-25
555,39,14,3,1.2,0.05,3.42,CONFIRMADO,2025-10-25
556,93,31,9,0.9,0.0,8.1,ENTREGADO,2025-10-26
557,104,25,6,1.4,0.0,8.4,ENTREGADO,2025-10-26
558,191,18,12,0.95,0.0,11.4,PENDIENTE,2025-10-27
559,62,20,17,2.7,0.1,41.31,CANCELADO,2025-10-27
560,69,34,9,0.5,0.0,4.5,ENTREGADO,2025-10-28
561,26,37,25,1.8,0.05,42.75,ENTREGADO,2025-10-28
562,31,63,17,1.4,0.05,22.61,PENDIENTE,2025-10-28
563,87,52,33,0.6,0.05,18.81,CONFIRMADO,2025-10-28
564,188,22,14,1.25,0.0,17.5,ENTREGADO,2025-10-28
565,169,2,19,0.25,0.0,4.75,CONFIRMADO,2025-10-29
566,15,48,36,1.6,0.0,57.6,ENTREGADO,2025-10-30
567,34,56,22,0.9,0.0,19.8,ENTREGADO,2025-10-30
568,13,64,12,1.5,0.15,15.3,ENTREGADO,2025-10-30
569,64,71,8,2.3,0.0,18.4,CONFIRMADO,2025-10-30
570,85,77,28,4.8,0.15,114.24,ENTREGADO,2025-10-31
571,74,7,1,0.8,0.0,0.8,ENTREGADO,2025-10-31
572,98,62,1,3.2,0.0,3.2,CONFIRMADO,2025-11-01
573,67,8,30,0.75,0.0,22.5,ENTREGADO,2025-11-01
574,171,9,6,1.1,0.0,6.6,ENTREGADO,2025-11-01
575,55,49,21,1.4,0.1,26.46,ENTREGADO,2025-11-02
576,80,34,14,0.5,0.15,5.95,ENTREGADO,2025-11-03
577,157,46,37,0.9,0.0,33.3,PENDIENTE,2025-11-03
578,125,69,8,2.0,0.0,16.0,CONFIRMADO,2025-11-04
579,90,29,31,1.5,0.0,46.5,CONFIRMADO,2025-11-05
580,152,26,11,2.5,0.2,22.0,CANCELADO,2025-11-05
581,20,71,39,2.3,0.05,85.21,ENTREGADO,2025-11-05
582,104,44,5,1.1,0.0,5.5,CANCELADO,2025-11-06
583,154,32,40,1.0,0.0,40.0,PENDIENTE,2025-11-06
584,98,48,9,1.6,0.0,14.4,ENTREGADO,2025-11-06
585,52,20,2,2.7,0.1,4.86,ENTREGADO,2025-11-07
586,198,57,35,0.5,0.05,16.62,ENTREGADO,2025-11-07
587,163,28,5,1.2,0.0,6.0,ENTREGADO,2025-11-07
588,21,7,9,0.8,0.0,7.2,ENTREGADO,2025-11-07
589,57,79,38,2.0,0.0,76.0,CONFIRMADO,2025-11-07
590,112,37,23,1.8,0.05,39.33,ENTREGADO,2025-11-10
591,83,21,33,1.2,0.0,39.6,ENTREGADO,2025-11-11
592,176,40,30,2.0,0.2,48.0,ENTREGADO,2025-11-11
593,53,7,38,0.8,0.0,30.4,CONFIRMADO,2025-11-12
594,169,1,11,0.3,0.1,2.97,PENDIENTE,2025-11-12
595,126,58,10,0.7,0.1,6.3,PENDIENTE,2025-11-12
596,133,55,3,1.2,0.0,3.6,PENDIENTE,2025-11-13
597,63,10,10,1.2,0.0,12.0,CONFIRMADO,2025-11-14
598,20,38,31,2.1,0.0,65.1,CONFIRMADO,2025-11-15
599,25,21,12,1.2,0.05,13.68,ENTREGADO,2025-11-15
600,138,59,25,0.4,0.0,10.0,ENTREGADO,2025-11-15
601,176,21,2,1.2,0.0,2.4,CONFIRMADO,2025-11-16
602,44,74,30,1.5,0.15,38.25,ENTREGADO,2025-11-16
603,38,13,23,17.5,0.0,402.5,PENDIENTE,2025-11-17
604,28,28,38,1.2,0.15,38.76,CONFIRMADO,2025-11-17
605,175,12,11,13.0,0.0,143.0,ENTREGADO,2025-11-18
606,1,64,12,1.5,0.05,17.1,CONFIRMADO,2025-11-19
607,77,10,23,1.2,0.0,27.6,PENDIENTE,2025-11-19
608,175,45,27,0.95,0.0,25.65,ENTREGADO,2025-11-19
609,190,39,29,3.0,0.15,73.95,ENTREGADO,2025-11-20
610,2,3,40,0.45,0.1,16.2,ENTREGADO,2025-11-21
611,121,44,9,1.1,0.0,9.9,ENTREGADO,2025-11-21
612,8,77,23,4.8,0.05,104.88,CONFIRMADO,2025-11-21
613,91,31,4,0.9,0.0,3.6,CONFIRMADO,2025-11-21
614,9,29,21,1.5,0.2,25.2,CANCELADO,2025-11-21
615,35,67,17,1.6,0.05,25.84,PENDIENTE,2025-11-22
616,120,71,40,2.3,0.0,92.0,CONFIRMADO,2025-11-22
617,81,52,22,0.6,0.0,13.2,CANCELADO,2025-11-22
618,192,74,32,1.5,0.05,45.6,CANCELADO,2025-11-22
619,18,22,11,1.25,0.0,13.75,CONFIRMADO,2025-11-23
620,138,66,23,1.0,0.0,23.0,CONFIRMADO,2025-11-23
621,40,75,2,1.8,0.0,3.6,CANCELADO,2025-11-24
622,67,31,4,0.9,0.1,3.24,ENTREGADO,2025-11-24
623,15,45,28,0.95,0.0,26.6,CONFIRMADO,2025-11-25
624,15,55,24,1.2,0.1,25.92,ENTREGADO,2025-11-26
625,105,69,2,2.0,0.05,3.8,PENDIENTE,2025-11-26
626,191,52,36,0.6,0.0,21.6,ENTREGADO,2025-11-27
627,109,48,7,1.6,0.0,11.2,ENTREGADO,2025-11-27
628,41,48,23,1.6,0.0,36.8,ENTREGADO,2025-11-28
629,76,31,39,0.9,0.2,28.08,ENTREGADO,2025-11-28
630,18,70,6,2.1,0.0,12.6,ENTREGADO,2025-11-29
631,61,14,26,1.2,0.0,31.2,CANCELADO,2025-11-29
632,179,72,35,1.9,0.0,66.5,CONFIRMADO,2025-11-29
633,91,37,24,1.8,0.0,43.2,ENTREGADO,2025-11-30
634,135,79,20,2.0,0.0,40.0,PENDIENTE,2025-12-01
635,75,22,34,1.25,0.15,36.12,ENTREGADO,2025-12-02
636,72,12,15,13.0,0.0,195.0,PENDIENTE,2025-12-03
637,143,29,34,1.5,0.0,51.0,CANCELADO,2025-12-04
638,130,71,13,2.3,0.1,26.91,CONFIRMADO,2025-12-04
639,187,17,8,3.8,0.0,30.4,ENTREGADO,2025-12-06
640,75,70,21,2.1,0.0,44.1,ENTREGADO,2025-12-06
641,78,1,18,0.3,0.0,5.4,ENTREGADO,2025-12-08
642,198,6,3,1.25,0.15,3.19,CANCELADO,2025-12-08
643,116,77,28,4.8,0.0,134.4,ENTREGADO,2025-12-09
644,8,47,25,1.2,0.0,30.0,ENTREGADO,2025-12-10
645,150,52,37,0.6,0.0,22.2,CONFIRMADO,2025-12-10
646,167,42,9,0.9,0.0,8.1,ENTREGADO,2025-12-10
647,104,62,5,3.2,0.0,16.0,ENTREGADO,2025-12-11
648,45,57,13,0.5,0.0,6.5,CONFIRMADO,2025-12-14
649,154,22,20,1.25,0.0,25.0,CANCELADO,2025-12-14
650,62,65,35,1.1,0.05,36.57,CONFIRMADO,2025-12-14
651,31,23,6,0.7,0.0,4.2,CANCELADO,2025-12-15
652,63,76,1,4.2,0.15,3.57,ENTREGADO,2025-12-17
653,92,28,8,1.2,0.05,9.12,CANCELADO,2025-12-17
654,116,80,8,0.25,0.1,1.8,PENDIENTE,2025-12-17
655,56,35,22,0.6,0.05,12.54,CONFIRMADO,2025-12-17
656,55,47,7,1.2,0.0,8.4,ENTREGADO,2025-12-17
657,197,4,20,0.85,0.0,17.0,ENTREGADO,2025-12-18
658,164,51,36,2.2,0.0,79.2,ENTREGADO,2025-12-19
659,21,30,8,3.0,0.2,19.2,ENTREGADO,2025-12-19
660,116,34,33,0.5,0.0,16.5,CONFIRMADO,2025-12-19
661,144,32,15,1.0,0.1,13.5,CONFIRMADO,2025-12-19
662,83,56,21,0.9,0.2,15.12,CONFIRMADO,2025-12-20
663,69,47,29,1.2,0.0,34.8,CONFIRMADO,2025-12-20
664,139,23,27,0.7,0.0,18.9,ENTREGADO,2025-12-20
665,162,1,28,0.3,0.05,7.98,ENTREGADO,2025-12-22
666,144,19,27,3.9,0.0,105.3,ENTREGADO,2025-12-22
667,64,35,28,0.6,0.15,14.28,ENTREGADO,2025-12-23
668,69,51,5,2.2,0.0,11.0,ENTREGADO,2025-12-24
669,36,50,11,1.8,0.0,19.8,PENDIENTE,2025-12-24
670,177,74,35,1.5,0.1,47.25,ENTREGADO,2025-12-25
671,15,10,33,1.2,0.0,39.6,PENDIENTE,2025-12-25
672,95,34,24,0.5,0.0,12.0,ENTREGADO,2025-12-26
673,36,45,10,0.95,0.0,9.5,ENTREGADO,2025-12-27
674,110,26,18,2.5,0.0,45.0,ENTREGADO,2025-12-27
675,142,20,17,2.7,0.0,45.9,CONFIRMADO,2025-12-27
676,155,45,31,0.95,0.0,29.45,PENDIENTE,2025-12-27
677,158,31,1,0.9,0.0,0.9,CONFIRMADO,2025-12-28
678,175,17,19,3.8,0.0,72.2,ENTREGADO,2025-12-28
679,97,18,25,0.95,0.1,21.38,CANCELADO,2025-12-29
680,53,25,27,1.4,0.0,37.8,ENTREGADO,2025-12-30
681,58,27,25,1.1,0.1,24.75,PENDIENTE,2025-12-30
682,171,34,27,0.5,0.0,13.5,CANCELADO,2025-12-31
683,173,53,15,1.0,0.0,15.0,PENDIENTE,2025-12-31
684,149,69,3,2.0,0.1,5.4,ENTREGADO,2025-12-31
685,78,17,4,3.8,0.0,15.2,ENTREGADO,2026-01-01
686,57,6,22,1.25,0.2,22.0,ENTREGADO,2026-01-01
687,101,52,12,0.6,0.0,7.2,CONFIRMADO,2026-01-01
688,142,64,31,1.5,0.15,39.52,CONFIRMADO,2026-01-02
689,145,43,32,1.0,0.05,30.4,ENTREGADO,2026-01-03
690,10,13,8,17.5,0.0,140.0,CONFIRMADO,2026-01-03
691,177,64,37,1.5,0.05,52.72,CANCELADO,2026-01-04
692,53,12,20,13.0,0.0,260.0,ENTREGADO,2026-01-04
693,168,37,16,1.8,0.05,27.36,PENDIENTE,2026-01-04
694,63,9,3,1.1,0.0,3.3,CONFIRMADO,2026-01-05
695,71,61,19,1.1,0.0,20.9,CONFIRMADO,2026-01-07
696,178,42,38,0.9,0.0,34.2,PENDIENTE,2026-01-08
697,94,68,5,2.8,0.0,14.0,ENTREGADO,2026-01-08
698,111,38,39,2.1,0.0,81.9,CONFIRMADO,2026-01-08
699,169,71,19,2.3,0.0,43.7,CANCELADO,2026-01-08
700,19,39,31,3.0,0.0,93.0,CONFIRMADO,2026-01-09
701,156,42,40,0.9,0.05,34.2,ENTREGADO,2026-01-11
702,135,37,20,1.8,0.0,36.0,ENTREGADO,2026-01-12
703,62,68,9,2.8,0.0,25.2,CANCELADO,2026-01-13
704,124,54,35,2.5,0.0,87.5,PENDIENTE,2026-01-13
705,143,75,39,1.8,0.0,70.2,ENTREGADO,2026-01-14
706,47,16,35,3.0,0.0,105.0,CONFIRMADO,2026-01-14
707,150,59,1,0.4,0.05,0.38,ENTREGADO,2026-01-16
708,70,71,23,2.3,0.05,50.25,CONFIRMADO,2026-01-16
709,128,40,36,2.0,0.2,57.6,CONFIRMADO,2026-01-17
710,58,13,15,17.5,0.05,249.38,CONFIRMADO,2026-01-18
711,55,40,15,2.0,0.2,24.0,ENTREGADO,2026-01-18
712,92,53,28,1.0,0.1,25.2,ENTREGADO,2026-01-20
713,75,65,2,1.1,0.0,2.2,PENDIENTE,2026-01-20
714,31,14,16,1.2,0.0,19.2,CANCELADO,2026-01-20
715,177,64,9,1.5,0.0,13.5,ENTREGADO,2026-01-20
716,137,8,20,0.75,0.1,13.5,PENDIENTE,2026-01-20
717,78,61,4,1.1,0.15,3.74,ENTREGADO,2026-01-21
718,37,18,21,0.95,0.0,19.95,ENTREGADO,2026-01-21
719,55,30,5,3.0,0.1,13.5,CONFIRMADO,2026-01-22
720,152,73,18,2.2,0.0,39.6,ENTREGADO,2026-01-22
721,53,61,31,1.1,0.15,28.98,CONFIRMADO,2026-01-23
722,150,31,38,0.9,0.0,34.2,CANCELADO,2026-01-24
723,63,28,16,1.2,0.1,17.28,CONFIRMADO,2026-01-24
724,50,50,22,1.8,0.0,39.6,CONFIRMADO,2026-01-25
725,98,37,33,1.8,0.0,59.4,PENDIENTE,2026-01-26
726,87,8,39,0.75,0.05,27.79,PENDIENTE,2026-01-26
727,125,51,14,2.2,0.0,30.8,PENDIENTE,2026-01-28
728,185,12,31,13.0,0.05,382.85,ENTREGADO,2026-01-28
729,15,45,12,0.95,0.0,11.4,ENTREGADO,2026-01-29
730,175,4,14,0.85,0.15,10.12,CONFIRMADO,2026-01-29
731,128,59,33,0.4,0.2,10.56,ENTREGADO,2026-01-29
732,33,7,9,0.8,0.1,6.48,CONFIRMADO,2026-01-29
733,57,55,7,1.2,0.0,8.4,PENDIENTE,2026-01-30
734,20,69,24,2.0,0.05,45.6,ENTREGADO,2026-01-30
735,54,12,32,13.0,0.0,416.0,CONFIRMADO,2026-01-31
736,122,34,26,0.5,0.05,12.35,ENTREGADO,2026-02-01
737,88,68,38,2.8,0.0,106.4,PENDIENTE,2026-02-02
738,118,62,32,3.2,0.05,97.28,PENDIENTE,2026-02-02
739,166,78,33,2.3,0.0,75.9,CONFIRMADO,2026-02-02
740,186,79,4,2.0,0.1,7.2,CONFIRMADO,2026-02-02
741,129,43,34,1.0,0.0,34.0,ENTREGADO,2026-02-03
742,138,14,23,1.2,0.1,24.84,ENTREGADO,2026-02-05
743,88,42,8,0.9,0.0,7.2,ENTREGADO,2026-02-07
744,46,9,28,1.1,0.2,24.64,CANCELADO,2026-02-07
745,195,70,38,2.1,0.0,79.8,CONFIRMADO,2026-02-08
746,100,39,2,3.0,0.0,6.0,PENDIENTE,2026-02-08
747,58,22,2,1.25,0.05,2.38,ENTREGADO,2026-02-08
748,155,41,1,0.5,0.0,0.5,PENDIENTE,2026-02-09
749,170,40,10,2.0,0.0,20.0,CONFIRMADO,2026-02-09
750,77,74,25,1.5,0.0,37.5,ENTREGADO,2026-02-10
751,98,77,39,4.8,0.0,187.2,CONFIRMADO,2026-02-11
752,73,3,26,0.45,0.0,11.7,CONFIRMADO,2026-02-11
753,106,2,9,0.25,0.05,2.14,ENTREGADO,2026-02-12
754,48,44,29,1.1,0.0,31.9,ENTREGADO,2026-02-13
755,86,80,13,0.25,0.05,3.09,ENTREGADO,2026-02-14
756,49,80,20,0.25,0.0,5.0,ENTREGADO,2026-02-14
757,123,47,11,1.2,0.1,11.88,CONFIRMADO,2026-02-15
758,195,76,13,4.2,0.0,54.6,CONFIRMADO,2026-02-15
759,18,11,23,14.0,0.0,322.0,ENTREGADO,2026-02-16
760,58,69,14,2.0,0.0,28.0,ENTREGADO,2026-02-16
761,84,66,24,1.0,0.1,21.6,ENTREGADO,2026-02-16
762,22,46,35,0.9,0.05,29.92,PENDIENTE,2026-02-17
763,115,54,27,2.5,0.0,67.5,PENDIENTE,2026-02-17
764,37,42,35,0.9,0.15,26.77,ENTREGADO,2026-02-19
765,29,50,21,1.8,0.0,37.8,ENTREGADO,2026-02-19
766,123,10,40,1.2,0.1,43.2,PENDIENTE,2026-02-20
767,69,51,16,2.2,0.0,35.2,CONFIRMADO,2026-02-20
768,146,39,26,3.0,0.0,78.0,CONFIRMADO,2026-02-21
769,1,59,31,0.4,0.0,12.4,ENTREGADO,2026-02-21
770,176,71,2,2.3,0.0,4.6,CONFIRMADO,2026-02-21
771,108,9,35,1.1,0.0,38.5,ENTREGADO,2026-02-22
772,18,79,36,2.0,0.0,72.0,CANCELADO,2026-02-22
773,10,78,22,2.3,0.2,40.48,PENDIENTE,2026-02-22
774,195,40,12,2.0,0.05,22.8,ENTREGADO,2026-02-23
775,63,7,2,0.8,0.0,1.6,ENTREGADO,2026-02-23
776,56,66,31,1.0,0.2,24.8,ENTREGADO,2026-02-24
777,83,48,28,1.6,0.0,44.8,PENDIENTE,2026-02-24
778,9,64,13,1.5,0.1,17.55,PENDIENTE,2026-02-26
779,50,28,33,1.2,0.1,35.64,ENTREGADO,2026-02-27
780,80,10,4,1.2,0.1,4.32,PENDIENTE,2026-02-27
781,78,40,21,2.0,0.05,39.9,CONFIRMADO,2026-02-27
782,53,20,15,2.7,0.2,32.4,CONFIRMADO,2026-02-27
783,4,41,24,0.5,0.0,12.0,ENTREGADO,2026-02-28
784,170,19,39,3.9,0.05,144.49,ENTREGADO,2026-02-28
785,25,29,31,1.5,0.0,46.5,ENTREGADO,2026-02-28
786,106,14,7,1.2,0.0,8.4,PENDIENTE,2026-03-01
787,11,6,30,1.25,0.0,37.5,ENTREGADO,2026-03-02
788,178,41,11,0.5,0.0,5.5,ENTREGADO,2026-03-03
789,8,14,35,1.2,0.15,35.7,ENTREGADO,2026-03-03
790,142,16,38,3.0,0.05,108.3,ENTREGADO,2026-03-03
791,4,46,13,0.9,0.0,11.7,PENDIENTE,2026-03-04
792,11,26,33,2.5,0.0,82.5,PENDIENTE,2026-03-04
793,133,73,17,2.2,0.0,37.4,PENDIENTE,2026-03-06
794,151,3,33,0.45,0.1,13.37,CONFIRMADO,2026-03-06
795,76,67,9,1.6,0.0,14.4,ENTREGADO,2026-03-06
796,106,20,26,2.7,0.0,70.2,ENTREGADO,2026-03-07
797,178,64,2,1.5,0.0,3.0,CONFIRMADO,2026-03-07
798,139,45,32,0.95,0.1,27.36,PENDIENTE,2026-03-09
799,53,40,14,2.0,0.1,25.2,ENTREGADO,2026-03-10
800,15,35,21,0.6,0.0,12.6,PENDIENTE,2026-03-10
801,36,6,33,1.25,0.0,41.25,CANCELADO,2026-03-11
802,6,13,24,17.5,0.0,420.0,PENDIENTE,2026-03-12
803,70,26,21,2.5,0.05,49.88,ENTREGADO,2026-03-12
804,106,22,10,1.25,0.1,11.25,CONFIRMADO,2026-03-12
805,138,22,38,1.25,0.1,42.75,ENTREGADO,2026-03-13
806,192,68,38,2.8,0.0,106.4,CANCELADO,2026-03-13
807,120,63,25,1.4,0.0,35.0,CONFIRMADO,2026-03-13
808,64,52,7,0.6,0.2,3.36,CONFIRMADO,2026-03-14
809,25,3,28,0.45,0.1,11.34,PENDIENTE,2026-03-15
810,106,26,20,2.5,0.0,50.0,PENDIENTE,2026-03-16
811,199,69,20,2.0,0.15,34.0,CONFIRMADO,2026-03-16
812,3,47,4,1.2,0.0,4.8,CONFIRMADO,2026-03-17
813,51,11,24,14.0,0.0,336.0,CONFIRMADO,2026-03-18
814,129,16,27,3.0,0.0,81.0,CONFIRMADO,2026-03-18
815,23,3,22,0.45,0.0,9.9,PENDIENTE,2026-03-20
816,147,23,28,0.7,0.2,15.68,PENDIENTE,2026-03-21
817,135,25,3,1.4,0.0,4.2,CANCELADO,2026-03-21
818,194,13,37,17.5,0.1,582.75,CONFIRMADO,2026-03-22
819,125,17,15,3.8,0.0,57.0,PENDIENTE,2026-03-22
820,20,18,18,0.95,0.05,16.24,ENTREGADO,2026-03-23
821,181,21,25,1.2,0.0,30.0,CANCELADO,2026-03-23
822,47,43,26,1.0,0.0,26.0,PENDIENTE,2026-03-23
823,160,51,38,2.2,0.0,83.6,ENTREGADO,2026-03-23
824,50,78,34,2.3,0.0,78.2,CONFIRMADO,2026-03-25
825,56,56,16,0.9,0.0,14.4,ENTREGADO,2026-03-25
826,191,53,17,1.0,0.1,15.3,ENTREGADO,2026-03-25
827,25,14,38,1.2,0.0,45.6,CONFIRMADO,2026-03-26
828,108,41,4,0.5,0.1,1.8,PENDIENTE,2026-03-27
829,81,68,16,2.8,0.2,35.84,CONFIRMADO,2026-03-27
830,22,31,25,0.9,0.0,22.5,CONFIRMADO,2026-03-28
831,103,72,29,1.9,0.0,55.1,ENTREGADO,2026-03-30
832,69,76,24,4.2,0.2,80.64,ENTREGADO,2026-03-31
833,17,68,38,2.8,0.0,106.4,CANCELADO,2026-04-01
834,175,51,23,2.2,0.0,50.6,CONFIRMADO,2026-04-01
835,38,75,11,1.8,0.1,17.82,ENTREGADO,2026-04-02
836,169,70,9,2.1,0.0,18.9,ENTREGADO,2026-04-02
837,51,71,13,2.3,0.0,29.9,ENTREGADO,2026-04-03
838,105,45,27,0.95,0.0,25.65,ENTREGADO,2026-04-03
839,152,50,20,1.8,0.05,34.2,PENDIENTE,2026-04-04
840,109,8,23,0.75,0.0,17.25,ENTREGADO,2026-04-04
841,163,73,27,2.2,0.0,59.4,CONFIRMADO,2026-04-05
842,172,16,40,3.0,0.0,120.0,CONFIRMADO,2026-04-06
843,109,53,38,1.0,0.05,36.1,ENTREGADO,2026-04-07
844,115,18,13,0.95,0.15,10.5,PENDIENTE,2026-04-07
845,185,29,39,1.5,0.0,58.5,CANCELADO,2026-04-08
846,69,49,38,1.4,0.0,53.2,ENTREGADO,2026-04-08
847,76,15,10,1.35,0.0,13.5,ENTREGADO,2026-04-08
848,145,24,29,2.0,0.15,49.3,PENDIENTE,2026-04-08
849,122,36,12,0.7,0.0,8.4,PENDIENTE,2026-04-09
850,89,21,13,1.2,0.0,15.6,CANCELADO,2026-04-09
851,93,35,1,0.6,0.0,0.6,CONFIRMADO,2026-04-11
852,178,28,36,1.2,0.0,43.2,ENTREGADO,2026-04-11
853,79,77,36,4.8,0.0,172.8,ENTREGADO,2026-04-12
854,167,24,27,2.0,0.1,48.6,ENTREGADO,2026-04-12
855,36,79,23,2.0,0.1,41.4,ENTREGADO,2026-04-13
856,112,54,34,2.5,0.0,85.0,ENTREGADO,2026-04-13
857,98,16,37,3.0,0.0,111.0,CONFIRMADO,2026-04-14
858,186,36,28,0.7,0.0,19.6,ENTREGADO,2026-04-15
859,177,70,8,2.1,0.05,15.96,ENTREGADO,2026-04-15
860,76,71,4,2.3,0.0,9.2,ENTREGADO,2026-04-16
861,121,73,27,2.2,0.0,59.4,ENTREGADO,2026-04-17
862,2,6,1,1.25,0.0,1.25,ENTREGADO,2026-04-17
863,194,33,20,0.75,0.0,15.0,ENTREGADO,2026-04-17
864,96,68,33,2.8,0.0,92.4,CONFIRMADO,2026-04-18
865,94,63,38,1.4,0.15,45.22,CONFIRMADO,2026-04-18
866,174,13,25,17.5,0.15,371.88,PENDIENTE,2026-04-18
867,2,59,11,0.4,0.0,4.4,ENTREGADO,2026-04-18
868,162,60,16,0.65,0.0,10.4,CONFIRMADO,2026-04-20
869,191,25,10,1.4,0.0,14.0,ENTREGADO,2026-04-20
870,25,50,17,1.8,0.05,29.07,ENTREGADO,2026-04-20
871,124,9,37,1.1,0.0,40.7,CONFIRMADO,2026-04-21
872,107,36,9,0.7,0.0,6.3,ENTREGADO,2026-04-22
873,116,28,35,1.2,0.1,37.8,ENTREGADO,2026-04-23
874,187,2,10,0.25,0.05,2.38,CANCELADO,2026-04-25
875,159,32,34,1.0,0.05,32.3,ENTREGADO,2026-04-26
876,21,33,36,0.75,0.0,27.0,CONFIRMADO,2026-04-26
877,164,43,37,1.0,0.05,35.15,CONFIRMADO,2026-04-26
878,20,63,32,1.4,0.0,44.8,CONFIRMADO,2026-04-26
879,102,70,34,2.1,0.0,71.4,ENTREGADO,2026-04-27
880,182,10,32,1.2,0.0,38.4,ENTREGADO,2026-04-28
881,181,20,34,2.7,0.15,78.03,ENTREGADO,2026-04-28
882,163,62,38,3.2,0.1,109.44,PENDIENTE,2026-04-29
883,80,8,35,0.75,0.2,21.0,ENTREGADO,2026-04-29
884,114,77,12,4.8,0.0,57.6,CONFIRMADO,2026-04-30
885,156,74,4,1.5,0.0,6.0,CANCELADO,2026-05-02
886,175,37,6,1.8,0.05,10.26,CONFIRMADO,2026-05-02
887,79,57,19,0.5,0.0,9.5,ENTREGADO,2026-05-02
888,127,10,31,1.2,0.0,37.2,ENTREGADO,2026-05-02
889,58,71,32,2.3,0.05,69.92,CONFIRMADO,2026-05-03
890,109,12,28,13.0,0.05,345.8,PENDIENTE,2026-05-03
891,81,35,28,0.6,0.0,16.8,CANCELADO,2026-05-03
892,175,3,40,0.45,0.15,15.3,CONFIRMADO,2026-05-05
893,122,80,37,0.25,0.15,7.86,ENTREGADO,2026-05-07
894,28,36,12,0.7,0.0,8.4,ENTREGADO,2026-05-07
895,28,5,10,1.0,0.0,10.0,CONFIRMADO,2026-05-07
896,34,47,2,1.2,0.0,2.4,ENTREGADO,2026-05-07
897,173,18,12,0.95,0.15,9.69,ENTREGADO,2026-05-09
898,162,7,14,0.8,0.0,11.2,ENTREGADO,2026-05-10
899,83,39,14,3.0,0.0,42.0,CANCELADO,2026-05-11
900,133,3,12,0.45,0.05,5.13,ENTREGADO,2026-05-12
901,64,48,5,1.6,0.0,8.0,PENDIENTE,2026-05-12
902,184,74,40,1.5,0.0,60.0,CANCELADO,2026-05-12
903,107,18,24,0.95,0.15,19.38,CONFIRMADO,2026-05-13
904,139,5,17,1.0,0.05,16.15,CONFIRMADO,2026-05-13
905,110,23,40,0.7,0.0,28.0,CONFIRMADO,2026-05-14
906,65,31,29,0.9,0.05,24.8,ENTREGADO,2026-05-16
907,100,52,39,0.6,0.0,23.4,ENTREGADO,2026-05-17
908,176,78,17,2.3,0.0,39.1,ENTREGADO,2026-05-17
909,47,22,24,1.25,0.0,30.0,ENTREGADO,2026-05-17
910,179,16,2,3.0,0.05,5.7,PENDIENTE,2026-05-19
911,49,70,26,2.1,0.0,54.6,ENTREGADO,2026-05-19
912,122,19,30,3.9,0.0,117.0,ENTREGADO,2026-05-20
913,60,3,20,0.45,0.1,8.1,ENTREGADO,2026-05-20
914,78,44,4,1.1,0.0,4.4,PENDIENTE,2026-05-20
915,20,23,38,0.7,0.0,26.6,CONFIRMADO,2026-05-21
916,105,53,26,1.0,0.0,26.0,CONFIRMADO,2026-05-21
917,130,22,26,1.25,0.1,29.25,CONFIRMADO,2026-05-21
918,153,30,22,3.0,0.0,66.0,ENTREGADO,2026-05-22
919,154,12,38,13.0,0.0,494.0,CONFIRMADO,2026-05-23
920,62,2,26,0.25,0.2,5.2,ENTREGADO,2026-05-24
921,68,53,19,1.0,0.0,19.0,CONFIRMADO,2026-05-24
922,127,28,33,1.2,0.1,35.64,ENTREGADO,2026-05-25
923,109,7,33,0.8,0.0,26.4,CANCELADO,2026-05-25
924,144,21,19,1.2,0.15,19.38,ENTREGADO,2026-05-26
925,55,49,38,1.4,0.2,42.56,ENTREGADO,2026-05-26
926,65,75,31,1.8,0.0,55.8,CONFIRMADO,2026-05-26
927,31,25,32,1.4,0.0,44.8,CONFIRMADO,2026-05-27
928,70,64,22,1.5,0.0,33.0,ENTREGADO,2026-05-27
929,2,26,32,2.5,0.0,80.0,ENTREGADO,2026-05-27
930,42,53,11,1.0,0.1,9.9,CANCELADO,2026-05-27
931,29,64,25,1.5,0.05,35.62,CONFIRMADO,2026-05-28
932,1,37,34,1.8,0.0,61.2,PENDIENTE,2026-05-29
933,128,17,1,3.8,0.05,3.61,PENDIENTE,2026-05-29
934,71,80,33,0.25,0.1,7.42,ENTREGADO,2026-05-29
935,51,56,33,0.9,0.15,25.24,CONFIRMADO,2026-05-29
936,136,37,39,1.8,0.0,70.2,CONFIRMADO,2026-05-30
937,154,22,34,1.25,0.0,42.5,ENTREGADO,2026-05-30
938,36,23,3,0.7,0.05,1.99,ENTREGADO,2026-05-31
939,166,22,16,1.25,0.0,20.0,ENTREGADO,2026-06-01
940,131,52,34,0.6,0.0,20.4,PENDIENTE,2026-06-01
941,181,80,39,0.25,0.0,9.75,ENTREGADO,2026-06-01
942,72,47,11,1.2,0.05,12.54,ENTREGADO,2026-06-03
943,59,24,2,2.0,0.1,3.6,ENTREGADO,2026-06-03
944,171,15,13,1.35,0.0,17.55,ENTREGADO,2026-06-03
945,146,36,23,0.7,0.0,16.1,ENTREGADO,2026-06-04
946,88,70,35,2.1,0.05,69.83,ENTREGADO,2026-06-04
947,48,50,17,1.8,0.0,30.6,CANCELADO,2026-06-04
948,191,43,17,1.0,0.2,13.6,ENTREGADO,2026-06-04
949,91,38,35,2.1,0.0,73.5,CONFIRMADO,2026-06-04
950,68,72,37,1.9,0.05,66.78,PENDIENTE,2026-06-04
951,198,24,32,2.0,0.05,60.8,PENDIENTE,2026-06-05
952,82,63,16,1.4,0.05,21.28,ENTREGADO,2026-06-06
953,133,7,11,0.8,0.0,8.8,CONFIRMADO,2026-06-07
954,10,58,40,0.7,0.1,25.2,ENTREGADO,2026-06-07
955,140,4,11,0.85,0.05,8.88,ENTREGADO,2026-06-09
956,121,41,23,0.5,0.0,11.5,PENDIENTE,2026-06-09
957,59,62,38,3.2,0.15,103.36,CANCELADO,2026-06-10
958,128,52,14,0.6,0.05,7.98,CONFIRMADO,2026-06-11
959,74,27,8,1.1,0.0,8.8,PENDIENTE,2026-06-11
960,136,18,22,0.95,0.1,18.81,CONFIRMADO,2026-06-12
961,105,40,18,2.0,0.0,36.0,ENTREGADO,2026-06-14
962,184,7,30,0.8,0.0,24.0,CANCELADO,2026-06-14
963,30,24,14,2.0,0.1,25.2,CANCELADO,2026-06-15
964,147,61,2,1.1,0.0,2.2,CONFIRMADO,2026-06-15
965,117,75,14,1.8,0.05,23.94,ENTREGADO,2026-06-16
966,160,31,19,0.9,0.0,17.1,CANCELADO,2026-06-17
967,117,5,12,1.0,0.0,12.0,PENDIENTE,2026-06-18
968,45,18,24,0.95,0.0,22.8,CONFIRMADO,2026-06-18
969,149,34,30,0.5,0.0,15.0,ENTREGADO,2026-06-19
970,21,18,8,0.95,0.05,7.22,ENTREGADO,2026-06-19
971,158,64,25,1.5,0.0,37.5,ENTREGADO,2026-06-19
972,43,77,23,4.8,0.1,99.36,ENTREGADO,2026-06-22
973,176,41,12,0.5,0.0,6.0,ENTREGADO,2026-06-22
974,99,61,36,1.1,0.0,39.6,ENTREGADO,2026-06-24
975,94,8,38,0.75,0.1,25.65,CONFIRMADO,2026-06-24
976,164,29,17,1.5,0.0,25.5,CONFIRMADO,2026-06-24
977,60,72,21,1.9,0.05,37.9,ENTREGADO,2026-06-24
978,52,70,12,2.1,0.1,22.68,CONFIRMADO,2026-06-24
979,93,73,30,2.2,0.15,56.1,ENTREGADO,2026-06-25
980,45,61,1,1.1,0.05,1.04,CONFIRMADO,2026-06-25
981,149,56,29,0.9,0.05,24.8,ENTREGADO,2026-06-26
982,23,77,32,4.8,0.15,130.56,ENTREGADO,2026-06-26
983,6,66,1,1.0,0.0,1.0,PENDIENTE,2026-06-27
984,83,47,23,1.2,0.0,27.6,CONFIRMADO,2026-06-27
985,39,43,5,1.0,0.0,5.0,ENTREGADO,2026-06-28
986,82,67,26,1.6,0.0,41.6,CONFIRMADO,2026-06-28
987,103,51,2,2.2,0.0,4.4,ENTREGADO,2026-06-28
988,158,67,37,1.6,0.0,59.2,CONFIRMADO,2026-06-28
989,65,43,16,1.0,0.0,16.0,ENTREGADO,2026-06-28
990,195,20,34,2.7,0.0,91.8,ENTREGADO,2026-06-30
991,58,74,36,1.5,0.1,48.6,CONFIRMADO,2026-06-30
992,145,63,40,1.4,0.2,44.8,PENDIENTE,2026-07-02
993,10,18,33,0.95,0.0,31.35,PENDIENTE,2026-07-03
994,29,30,16,3.0,0.0,48.0,ENTREGADO,2026-07-04
995,86,63,19,1.4,0.2,21.28,ENTREGADO,2026-07-04
996,2,37,15,1.8,0.0,27.0,PENDIENTE,2026-07-04
997,135,59,8,0.4,0.1,2.88,ENTREGADO,2026-07-04
998,133,63,37,1.4,0.0,51.8,ENTREGADO,2026-07-06
999,102,73,28,2.2,0.05,58.52,PENDIENTE,2026-07-07
1000,19,16,33,3.0,0.15,84.15,CONFIRMADO,2026-07-07
1001,1,1,9,0.3,0.0,2.6999999999999997,CONFIRMADO,2026-07-13
1002,1,1,12,0.3,0.0,3.5999999999999996,CONFIRMADO,2026-07-13
1003,184,41,40,0.5,0.0,20.0,CONFIRMADO,2026-07-13
1004,22,26,15,2.5,0.05,37.45,CONFIRMADO,2026-07-13
